{"loss": 0.2847362458705902, "psnr": 9.238195419311523, "mse": 9299.712890625, "_timestamp": 1714129575.0402098, "_runtime": 39.58929467201233, "_step": 3}