{"loss": 0.2742169201374054, "psnr": 9.386329650878906, "mse": 9279.75390625, "_timestamp": 1714129576.2669563, "_runtime": 40.816041231155396, "_step": 4}