{"loss": 0.25343057513237, "psnr": 23.31268310546875, "mse": 542.3115234375, "_timestamp": 1700551296.4445477, "_runtime": 54.9467077255249, "_step": 8, "_wandb": {"runtime": 60}}