{"loss": 3.046259641647339, "psnr": 29.599430084228516, "mse": 109.50810241699219, "_timestamp": 1700545216.0525482, "_runtime": 1616.3233692646027, "_step": 801, "_wandb": {"runtime": 1615}}