{"loss": 46.78580093383789, "psnr": 3.6748147010803223, "mse": 29849.720703125, "_timestamp": 1700543436.5343888, "_runtime": 89.62547087669373, "_step": 29, "_wandb": {"runtime": 89}}