{"loss": 45.37626647949219, "psnr": 3.8274264335632324, "mse": 29274.890625, "_timestamp": 1700543089.7038507, "_runtime": 232.53612685203552, "_step": 105, "_wandb": {"runtime": 233}}