{"loss": 0.04625358060002327, "psnr": 23.21249771118164, "mse": 432.7789306640625, "_timestamp": 1714128309.6676958, "_runtime": 159.5434148311615, "_step": 80, "_wandb": {"runtime": 159}}