{"loss": 0.058145973831415176, "psnr": 21.150508880615234, "mse": 605.9140014648438, "_timestamp": 1714128256.6755376, "_runtime": 106.55125665664673, "_step": 45}