{"loss": 0.25482088327407837, "psnr": 23.263572692871094, "mse": 543.4152221679688, "_timestamp": 1700552139.1935124, "_runtime": 54.46307444572449, "_step": 8, "_wandb": {"runtime": 59}}