{"loss": 44.97011184692383, "psnr": 3.934020757675171, "mse": 27889.80859375, "_timestamp": 1700542451.7401683, "_runtime": 77.1317572593689, "_step": 22, "_wandb": {"runtime": 76}}