{"loss": 0.0384196899831295, "psnr": 23.949113845825195, "mse": 365.7216796875, "_timestamp": 1714129521.1523561, "_runtime": 297.5492570400238, "_step": 212, "_wandb": {"runtime": 297}}