{"loss": 3.970459461212158, "psnr": 29.499553680419922, "mse": 128.8441619873047, "_timestamp": 1700557432.421034, "_runtime": 3148.038922071457, "_step": 1614, "_wandb": {"runtime": 3147}}