{"loss": 6.720813751220703, "psnr": 24.608375549316406, "mse": 441.3005676269531, "_timestamp": 1700554075.9771514, "_runtime": 57.54466247558594, "_step": 12, "_wandb": {"runtime": 57}}