{"loss": 0.17898061871528625, "psnr": 18.942729949951172, "mse": 829.4826049804688, "_timestamp": 1700552786.5729806, "_runtime": 42.27378964424133, "_step": 2, "_wandb": {"runtime": 47}}