{"loss": 45.809967041015625, "psnr": 3.786001682281494, "mse": 29921.91796875, "_timestamp": 1700542217.8632424, "_runtime": 72.57276844978333, "_step": 20, "_wandb": {"runtime": 72}}