{"loss": 0.25369104743003845, "psnr": 23.300987243652344, "mse": 543.0513916015625, "_timestamp": 1700550948.8063815, "_runtime": 55.62990736961365, "_step": 8, "_wandb": {"runtime": 61}}