{"loss": 0.05355088785290718, "psnr": 27.93838882446289, "mse": 160.05731201171875, "_timestamp": 1700559652.921367, "_runtime": 800.934732913971, "_step": 369}