{"loss": 45.330299377441406, "psnr": 3.8435356616973877, "mse": 28875.75, "_timestamp": 1700541841.5307188, "_runtime": 288.67703580856323, "_step": 131, "_wandb": {"runtime": 288}}