{"loss": 44.67383575439453, "psnr": 3.897045135498047, "mse": 28841.48828125, "_timestamp": 1700543328.022809, "_runtime": 224.8309190273285, "_step": 100, "_wandb": {"runtime": 226}}