{"loss": 3.499371290206909, "psnr": 27.7546443939209, "mse": 170.10508728027344, "_timestamp": 1700549709.4073231, "_runtime": 1611.402776002884, "_step": 801, "_wandb": {"runtime": 1612}}