{"loss": 0.9578154683113098, "psnr": 5.005664348602295, "mse": 20716.541015625, "_timestamp": 1700540806.7423537, "_runtime": 156.45975875854492, "_step": 63, "_wandb": {"runtime": 157}}