{"loss": 0.5629156231880188, "psnr": 25.854721069335938, "mse": 345.7850036621094, "_timestamp": 1700546158.3287704, "_runtime": 226.07838129997253, "_step": 118, "_wandb": {"runtime": 226}}