{"loss": 0.0354783721268177, "psnr": 24.43973159790039, "mse": 292.8306884765625, "_timestamp": 1714129084.936978, "_runtime": 735.1675021648407, "_step": 560, "_wandb": {"runtime": 734}}