{"loss": 4.551596164703369, "psnr": 28.38178825378418, "mse": 187.208740234375, "_timestamp": 1700547872.9728153, "_runtime": 602.3118023872375, "_step": 293, "_wandb": {"runtime": 601}}