{"loss": 0.061662524938583374, "psnr": 26.52239990234375, "mse": 231.9974822998047, "_timestamp": 1700557856.6045048, "_runtime": 192.4056088924408, "_step": 84, "_wandb": {"runtime": 192}}