{"loss": 1.0095058679580688, "psnr": 25.4053955078125, "mse": 382.0320739746094, "_timestamp": 1700550711.1531773, "_runtime": 314.5251443386078, "_step": 80, "_wandb": {"runtime": 319}}