{"loss": 5.301342010498047, "psnr": 25.82923698425293, "mse": 309.11370849609375, "_timestamp": 1700553998.2413092, "_runtime": 70.37757611274719, "_step": 7, "_wandb": {"runtime": 69}}