{"loss": 0.5290043354034424, "psnr": 4.832582473754883, "mse": 21543.93359375, "_timestamp": 1700541521.5264611, "_runtime": 357.21195816993713, "_step": 168, "_wandb": {"runtime": 356}}