{"loss": 0.2559887766838074, "psnr": 23.249956130981445, "mse": 544.5436401367188, "_timestamp": 1700551967.6474645, "_runtime": 55.07884359359741, "_step": 8, "_wandb": {"runtime": 60}}