{"loss": 0.5661426782608032, "psnr": 25.6790828704834, "mse": 354.6391906738281, "_timestamp": 1700546877.119713, "_runtime": 223.784588098526, "_step": 118, "_wandb": {"runtime": 227}}