{"loss": 179.9654541015625, "psnr": -48.7136116027832, "mse": 5169167360.0, "_timestamp": 1700563929.7678456, "_runtime": 1709.3015096187592, "_step": 1334, "_wandb": {"runtime": 1709}}