{"loss": 6.00008487701416, "psnr": 25.010358810424805, "mse": 378.16949462890625, "_timestamp": 1700557652.7161067, "_runtime": 195.37849473953247, "_step": 85, "_wandb": {"runtime": 195}}