{"loss": 46.84713363647461, "psnr": 3.7040157318115234, "mse": 30493.814453125, "_timestamp": 1700541899.5388403, "_runtime": 45.50159239768982, "_step": 6, "_wandb": {"runtime": 46}}