{"loss": 47.48283004760742, "psnr": 3.5188591480255127, "mse": 30809.69921875, "_timestamp": 1700542513.9543326, "_runtime": 50.313769578933716, "_step": 8, "_wandb": {"runtime": 49}}