{"loss": 0.2535376250743866, "psnr": 23.306900024414062, "mse": 542.6829223632812, "_timestamp": 1700551114.6994243, "_runtime": 55.15115833282471, "_step": 8, "_wandb": {"runtime": 60}}