{"loss": 5.028353691101074, "psnr": 26.28839874267578, "mse": 278.3199462890625, "_timestamp": 1700554238.5943575, "_runtime": 153.234792470932, "_step": 60}