{"loss": 1.2658835649490356, "psnr": 22.743083953857422, "mse": 396.9436950683594, "_timestamp": 1700553896.7125351, "_runtime": 18.44883418083191, "_step": 0, "_wandb": {"runtime": 19}}