{"loss": 3.160600185394287, "psnr": 24.695789337158203, "mse": 421.6714782714844, "_timestamp": 1700546641.4661407, "_runtime": 53.188748836517334, "_step": 28, "_wandb": {"runtime": 52}}