{"loss": 5.727179527282715, "psnr": 24.952247619628906, "mse": 328.77728271484375, "_timestamp": 1700543532.8255463, "_runtime": 86.09796524047852, "_step": 27, "_wandb": {"runtime": 87}}