{"loss": 0.5271474123001099, "psnr": 4.963736534118652, "mse": 20885.06640625, "_timestamp": 1700541152.708574, "_runtime": 326.25189113616943, "_step": 150, "_wandb": {"runtime": 326}}