{"loss": 0.056521330028772354, "psnr": 27.391204833984375, "mse": 180.14797973632812, "_timestamp": 1700558717.3272672, "_runtime": 847.7638580799103, "_step": 420, "_wandb": {"runtime": 847}}